{
  "Background": {
    "Image": {
      "X": 0,
      "Y": 0,
      "ImageIndex": 0
    },
    "Preview1": {
      "X": 18,
      "Y": 17,
      "ImageIndex": 1
    },
    "Preview2": {
      "X": 18,
      "Y": 17,
      "ImageIndex": 1
    },
    "Preview3": {
      "X": 18,
      "Y": 17,
      "ImageIndex": 1
    }
  },
  "Time": {
    "Hours": {
      "Tens": {
        "X": 22,
        "Y": 94,
        "ImageIndex": 2,
        "ImagesCount": 10
      },
      "Ones": {
        "X": 65,
        "Y": 94,
        "ImageIndex": 2,
        "ImagesCount": 10
      }
    },
    "Minutes": {
      "Tens": {
        "X": 22,
        "Y": 170,
        "ImageIndex": 2,
        "ImagesCount": 10
      },
      "Ones": {
        "X": 65,
        "Y": 170,
        "ImageIndex": 2,
        "ImagesCount": 10
      }
    },
    "DelimiterImage": {
      "X": 300,
      "Y": 300,
      "ImageIndex": 12
    },
    "UnknownV11": 0
  },
  "Date": {
    "MonthAndDayAndYear": {
      "OneLine": {
        "Number": {
          "TopLeftX": 20,
          "TopLeftY": 70,
          "BottomRightX": 47,
          "BottomRightY": 39,
          "Alignment": "TopLeft",
          "SpacingX": 0,
          "SpacingY": 0,
          "ImageIndex": 13,
          "ImagesCount": 10
        },
        "DelimiterImageIndex": 23
      },
      "TwoDigitsMonth": true,
      "TwoDigitsDay": true
    },
    "ENWeekDays": {
      "X": 74,
      "Y": 70,
      "ImageIndex": 24,
      "ImagesCount": 7
    },
    "CNWeekDays": {
      "X": 74,
      "Y": 70,
      "ImageIndex": 31,
      "ImagesCount": 7
    },
    "CN2WeekDays": {
      "X": 74,
      "Y": 70,
      "ImageIndex": 38,
      "ImagesCount": 7
    },
    "Unknown7": {
      "X": 74,
      "Y": 70
    }
  },
  "Weather": {
    "Icon": {
      "CustomIcon": {
        "X": 50,
        "Y": 13,
        "ImageIndex": 68,
        "ImagesCount": 26
      },
      "Unknown3": {
        "X": 50,
        "Y": 5
      },
      "Unknown4": {
        "X": 50,
        "Y": 5
      }
    },
    "Temperature": {
      "Current": {
        "Number": {
          "TopLeftX": 41,
          "TopLeftY": 45,
          "BottomRightX": 80,
          "BottomRightY": 0,
          "Alignment": "HCenter",
          "SpacingX": -12,
          "SpacingY": 0,
          "ImageIndex": 45,
          "ImagesCount": 10
        },
        "MinusImageIndex": 67,
        "DegreesImageIndex": 66
      }
    }
  },
  "Battery": {
    "BatteryText": {
      "Coordinates": {
        "TopLeftX": 49,
        "TopLeftY": 250,
        "BottomRightX": 78,
        "BottomRightY": 16,
        "Alignment": "TopLeft",
        "SpacingX": -9,
        "SpacingY": 0,
        "ImageIndex": 45,
        "ImagesCount": 10
      },
      "SuffixImageIndex": 55
    },
    "BatteryIcon": {
      "X": 5,
      "Y": 1860,
      "ImageIndex": 56,
      "ImagesCount": 10
    }
  },
  "StatusSimplified": {
    "DoNotDisturb": {
      "StatusImage": {
        "X": 4,
        "Y": 2699,
        "Alignment": "TopLeft",
        "Unknown4": 2,
        "Unknown5": 6
      }
    },
    "Bluetooth": {
      "StatusImage": {
        "X": 1010,
        "Y": 269,
        "Alignment": "TopLeft",
        "Unknown4": 2,
        "Unknown5": 6
      }
    }
  }
}